{"cameraMode":{"drawMode":0,"name":"Shaded","section":"Shading Mode"},"sceneLighting":false,"audioPlay":false,"sceneViewState":{"showFog":true,"showMaterialUpdate":false,"showSkybox":false,"showFlares":true,"showImageEffects":true,"showParticleSystems":true},"in2DMode":false,"pivot":{"x":3.0125956535339357,"y":0.6769999861717224,"z":0.0},"rotation":{"x":0.032987747341394427,"y":-0.019488105550408365,"z":0.0006432903464883566,"w":0.9992659091949463},"size":3.9686684608459474,"orthographic":true}