{"cameraMode":{"drawMode":0,"name":"Shaded","section":"Shading Mode"},"sceneLighting":false,"audioPlay":false,"sceneViewState":{"showFog":true,"showMaterialUpdate":false,"showSkybox":false,"showFlares":true,"showImageEffects":true,"showParticleSystems":true},"in2DMode":false,"pivot":{"x":6.490000247955322,"y":0.6770000457763672,"z":0.0},"rotation":{"x":0.032987747341394427,"y":-0.019488105550408365,"z":0.0006432903464883566,"w":0.9992659091949463},"size":11.04609489440918,"orthographic":true}