{"cameraMode":{"drawMode":0,"name":"Shaded","section":"Shading Mode"},"sceneLighting":false,"audioPlay":false,"sceneViewState":{"showFog":true,"showMaterialUpdate":false,"showSkybox":false,"showFlares":true,"showImageEffects":true,"showParticleSystems":true},"in2DMode":false,"pivot":{"x":4.307799816131592,"y":2.135999917984009,"z":-3.287109375},"rotation":{"x":0.032987747341394427,"y":-0.019488105550408365,"z":0.0006432903464883566,"w":0.9992659091949463},"size":0.7453237175941467,"orthographic":true}